tarea,minutos_antes,minutos_despues,volumen_mensual,ahorro_minutos,ahorro_pct,coste_base,coste_ia_operativo,coste_ia_licencia,coste_ia_total,beneficio,roi_pct,currency
Redacci贸n de informe mensual,45.0,20.0,10,25.0,0.5555555555555556,187.5,83.33333333333333,9.803921568627452,93.13725490196077,94.36274509803923,101.31578947368422,EUR
Limpieza de datos,30.0,12.0,20,18.0,0.6,250.0,100.0,19.607843137254903,119.6078431372549,130.39215686274508,109.01639344262293,EUR
Preparaci贸n de presentaci贸n,60.0,40.0,6,20.0,0.3333333333333333,150.0,100.0,5.88235294117647,105.88235294117646,44.117647058823536,41.66666666666667,EUR
Revisi贸n de contratos,35.0,28.0,15,7.0,0.2,218.75,175.0,14.705882352941178,189.7058823529412,29.044117647058812,15.310077519379838,EUR
TOTAL,37.94117647058823,21.568627450980394,51,16.372549019607842,0.44226579520697173,806.25,458.3333333333333,50.0,508.33333333333337,297.91666666666663,58.60655737704917,EUR
